-- SQL inserts for model: catalogo.Paquete (table: catalogo_paquete)
BEGIN;
INSERT INTO "catalogo_paquete" ("id", "created_at", "updated_at", "nombre", "ubicacion", "descripcion_corta", "descripcion_completa", "calificacion", "numero_reseñas", "precio", "precio_original", "duracion", "max_personas", "dificultad", "categoria_id", "imagenes", "incluido", "no_incluido", "fechas_disponibles", "descuento") VALUES (1, '2025-09-15T15:30:25.690424+00:00', '2025-09-15T15:30:26.273785+00:00', 'Paquete Aventura Extrema La Paz', 'La Paz, Bolivia', 'Aventura extrema en la ciudad más alta del mundo', 'Experimenta la adrenalina en La Paz con bungee jumping, escalada y caminatas en la selva.', 4.5, 120, '450', '500', '3 días', 10, 'Alta', 14, '["https://example.com/image1.jpg", "https://example.com/image2.jpg"]', '["Tour por la ciudad", "Bungee jumping", "Escalada en roca", "Caminata en la selva", "Cena privada con chef"]', '["Vuelos internacionales", "Seguro de viaje"]', '["2023-10-01", "2023-10-15", "2023-11-01"]', 10.00);
INSERT INTO "catalogo_paquete" ("id", "created_at", "updated_at", "nombre", "ubicacion", "descripcion_corta", "descripcion_completa", "calificacion", "numero_reseñas", "precio", "precio_original", "duracion", "max_personas", "dificultad", "categoria_id", "imagenes", "incluido", "no_incluido", "fechas_disponibles", "descuento") VALUES (2, '2025-09-15T15:30:26.397980+00:00', '2025-09-15T15:30:26.784930+00:00', 'Paquete Relax Tropical Santa Cruz', 'Santa Cruz, Bolivia', 'Relajación en el trópico boliviano', 'Disfruta de retiros de yoga, masajes y experiencias gastronómicas en Santa Cruz.', 4.8, 85, '350', '400', '4 días', 8, 'Baja', 14, '["https://example.com/image3.jpg"]', '["Retiros de yoga", "Masajes terapéuticos", "Tour gastronómico local", "Hotel 5 estrellas"]', '["Transporte al aeropuerto", "Bebidas alcohólicas"]', '["2023-09-20", "2023-10-05"]', 5.00);
INSERT INTO "catalogo_paquete" ("id", "created_at", "updated_at", "nombre", "ubicacion", "descripcion_corta", "descripcion_completa", "calificacion", "numero_reseñas", "precio", "precio_original", "duracion", "max_personas", "dificultad", "categoria_id", "imagenes", "incluido", "no_incluido", "fechas_disponibles", "descuento") VALUES (3, '2025-09-15T15:30:26.898424+00:00', '2025-09-15T15:30:27.296401+00:00', 'Paquete Cultural Histórico Sucre', 'Sucre, Bolivia', 'Sumérgete en la historia y cultura de Sucre', 'Visita museos, disfruta de danzas folklóricas y aprende cocina regional en Sucre.', 4.7, 95, '250', '300', '2 días', 12, 'Media', 14, '["https://example.com/image4.jpg"]', '["Visita a museos de arte", "Espectáculo de danza folklórica", "Clase de cocina regional", "Transporte privado al aeropuerto"]', '["Almuerzos", "Souvenirs"]', '["2023-11-10", "2023-12-01"]', 15.00);
INSERT INTO "catalogo_paquete" ("id", "created_at", "updated_at", "nombre", "ubicacion", "descripcion_corta", "descripcion_completa", "calificacion", "numero_reseñas", "precio", "precio_original", "duracion", "max_personas", "dificultad", "categoria_id", "imagenes", "incluido", "no_incluido", "fechas_disponibles", "descuento") VALUES (4, '2025-09-15T15:30:27.420116+00:00', '2025-09-15T15:30:28.140803+00:00', 'Paquete Ecológico Aventura Combinado', 'La Paz y Santa Cruz, Bolivia', 'Ecoturismo y aventura en Bolivia', 'Combina avistamiento de aves, rafting y caminatas en un viaje inolvidable.', 4.6, 70, '550', '600', '5 días', 6, 'Media-Alta', 10, '["https://example.com/image5.jpg"]', '["Avistamiento de aves", "Ecoturismo", "Rafting en río", "Caminata en la selva", "Tour en autobús turístico"]', '["Equipo personal", "Propinas"]', '["2023-10-20", "2023-11-15"]', 8.00);
INSERT INTO "catalogo_paquete" ("id", "created_at", "updated_at", "nombre", "ubicacion", "descripcion_corta", "descripcion_completa", "calificacion", "numero_reseñas", "precio", "precio_original", "duracion", "max_personas", "dificultad", "categoria_id", "imagenes", "incluido", "no_incluido", "fechas_disponibles", "descuento") VALUES (5, '2025-09-15T15:30:28.265704+00:00', '2025-09-15T15:30:28.685526+00:00', 'Paquete de Lujo Ejecutivo', 'La Paz, Bolivia', 'Experiencia de lujo en La Paz', 'Disfruta de cruceros de lujo, cenas privadas y transporte exclusivo.', 5.0, 50, '1200', '1300', '3 días', 4, 'Baja', 9, '["https://example.com/image6.jpg"]', '["Crucero de lujo", "Cena privada con chef", "Transporte privado al aeropuerto", "Hotel 5 estrellas"]', '["Actividades opcionales", "Bebidas premium"]', '["2023-12-01", "2024-01-15"]', 20.00);
INSERT INTO "catalogo_paquete" ("id", "created_at", "updated_at", "nombre", "ubicacion", "descripcion_corta", "descripcion_completa", "calificacion", "numero_reseñas", "precio", "precio_original", "duracion", "max_personas", "dificultad", "categoria_id", "imagenes", "incluido", "no_incluido", "fechas_disponibles", "descuento") VALUES (6, '2025-09-15T15:30:28.809230+00:00', '2025-09-15T15:30:29.362956+00:00', 'Paquete Aventura Familiar Titicaca', 'La Paz / Titicaca, Bolivia', 'Excursión familiar al lago Titicaca', 'Navega por el Lago Titicaca, visita islas tradicionales y disfruta de actividades para toda la familia.', 4.4, 40, '380', '420', '3 días', 12, 'Baja', 14, '["https://example.com/titicaca1.jpg"]', '["Transporte terrestre", "Navegación en barco", "Alojamiento", "Guía local"]', '["Comidas especiales", "Gastos personales"]', '["2025-10-10", "2025-11-01"]', 7.00);
INSERT INTO "catalogo_paquete" ("id", "created_at", "updated_at", "nombre", "ubicacion", "descripcion_corta", "descripcion_completa", "calificacion", "numero_reseñas", "precio", "precio_original", "duracion", "max_personas", "dificultad", "categoria_id", "imagenes", "incluido", "no_incluido", "fechas_disponibles", "descuento") VALUES (7, '2025-09-15T15:30:29.486966+00:00', '2025-09-15T15:30:30.030398+00:00', 'Paquete Aventura Selvática', 'Santa Cruz, Bolivia', 'Explora la selva y su biodiversidad', 'Safari de un día y caminatas guiadas por la selva con alojamiento ecológico.', 4.5, 28, '420', '480', '4 días', 10, 'Media', 14, '["https://example.com/selva1.jpg"]', '["Traslados", "Guía naturalista", "Alojamiento ecológico"]', '["Vuelos", "Seguro"]', '["2025-10-20", "2025-11-10"]', 10.00);
INSERT INTO "catalogo_paquete" ("id", "created_at", "updated_at", "nombre", "ubicacion", "descripcion_corta", "descripcion_completa", "calificacion", "numero_reseñas", "precio", "precio_original", "duracion", "max_personas", "dificultad", "categoria_id", "imagenes", "incluido", "no_incluido", "fechas_disponibles", "descuento") VALUES (8, '2025-09-15T15:30:30.154779+00:00', '2025-09-15T15:30:30.618652+00:00', 'Paquete Gastronómico Sucre', 'Sucre, Bolivia', 'Experiencia culinaria regional', 'Tours gastronómicos, clases de cocina y visitas a mercados locales.', 4.9, 18, '300', '350', '2 días', 8, 'Baja', 14, '["https://example.com/gastronomia1.jpg"]', '["Clases de cocina", "Degustaciones", "Alojamiento"]', '["Bebidas alcohólicas"]', '["2025-09-25", "2025-10-15"]', 5.00);
INSERT INTO "catalogo_paquete" ("id", "created_at", "updated_at", "nombre", "ubicacion", "descripcion_corta", "descripcion_completa", "calificacion", "numero_reseñas", "precio", "precio_original", "duracion", "max_personas", "dificultad", "categoria_id", "imagenes", "incluido", "no_incluido", "fechas_disponibles", "descuento") VALUES (9, '2025-09-15T15:30:30.743657+00:00', '2025-09-15T15:30:31.473864+00:00', 'Paquete Trekking Andes', 'La Paz, Bolivia', 'Trekking de nivel medio en los Andes', 'Rutas guiadas por montañas, campamento y experiencias culturales en comunidades andinas.', 4.3, 22, '520', '590', '5 días', 12, 'Media-Alta', 14, '["https://example.com/andes1.jpg"]', '["Guía de montaña", "Equipo básico", "Alojamiento en refugios"]', '["Seguro de altura", "Comidas extras"]', '["2025-10-01", "2025-11-01"]', 12.00);
INSERT INTO "catalogo_paquete" ("id", "created_at", "updated_at", "nombre", "ubicacion", "descripcion_corta", "descripcion_completa", "calificacion", "numero_reseñas", "precio", "precio_original", "duracion", "max_personas", "dificultad", "categoria_id", "imagenes", "incluido", "no_incluido", "fechas_disponibles", "descuento") VALUES (10, '2025-09-15T15:30:31.610390+00:00', '2025-09-15T15:30:32.030723+00:00', 'Paquete Escapada Urbana 48h', 'La Paz, Bolivia', 'Fin de semana urbano con actividades premium', 'Experiencias gastronómicas, tours privados y alojamiento boutique para un fin de semana inolvidable.', 4.2, 12, '220', '260', '2 días', 6, 'Baja', 9, '["https://example.com/urban1.jpg"]', '["Tour privado", "Cena de bienvenida", "Alojamiento boutique"]', '["Traslados al aeropuerto"]', '["2025-09-20", "2025-10-10"]', 6.00);
INSERT INTO "catalogo_paquete_destinos" ("paquete_id","destino_id") VALUES (1, 1);
INSERT INTO "catalogo_paquete_destinos" ("paquete_id","destino_id") VALUES (2, 2);
INSERT INTO "catalogo_paquete_destinos" ("paquete_id","destino_id") VALUES (3, 3);
INSERT INTO "catalogo_paquete_destinos" ("paquete_id","destino_id") VALUES (4, 1);
INSERT INTO "catalogo_paquete_destinos" ("paquete_id","destino_id") VALUES (4, 2);
INSERT INTO "catalogo_paquete_destinos" ("paquete_id","destino_id") VALUES (5, 1);
INSERT INTO "catalogo_paquete_destinos" ("paquete_id","destino_id") VALUES (6, 1);
INSERT INTO "catalogo_paquete_destinos" ("paquete_id","destino_id") VALUES (7, 2);
INSERT INTO "catalogo_paquete_destinos" ("paquete_id","destino_id") VALUES (8, 3);
INSERT INTO "catalogo_paquete_destinos" ("paquete_id","destino_id") VALUES (9, 1);
INSERT INTO "catalogo_paquete_destinos" ("paquete_id","destino_id") VALUES (10, 1);
INSERT INTO "catalogo_paquete_itinerario" ("paquete_id","itinerario_id") VALUES (1, 1);
INSERT INTO "catalogo_paquete_itinerario" ("paquete_id","itinerario_id") VALUES (1, 2);
INSERT INTO "catalogo_paquete_itinerario" ("paquete_id","itinerario_id") VALUES (2, 3);
INSERT INTO "catalogo_paquete_itinerario" ("paquete_id","itinerario_id") VALUES (3, 4);
INSERT INTO "catalogo_paquete_itinerario" ("paquete_id","itinerario_id") VALUES (4, 2);
INSERT INTO "catalogo_paquete_itinerario" ("paquete_id","itinerario_id") VALUES (4, 5);
INSERT INTO "catalogo_paquete_itinerario" ("paquete_id","itinerario_id") VALUES (5, 1);
INSERT INTO "catalogo_paquete_itinerario" ("paquete_id","itinerario_id") VALUES (6, 1);
INSERT INTO "catalogo_paquete_itinerario" ("paquete_id","itinerario_id") VALUES (6, 5);
INSERT INTO "catalogo_paquete_itinerario" ("paquete_id","itinerario_id") VALUES (7, 2);
INSERT INTO "catalogo_paquete_itinerario" ("paquete_id","itinerario_id") VALUES (7, 5);
INSERT INTO "catalogo_paquete_itinerario" ("paquete_id","itinerario_id") VALUES (8, 4);
INSERT INTO "catalogo_paquete_itinerario" ("paquete_id","itinerario_id") VALUES (9, 2);
INSERT INTO "catalogo_paquete_itinerario" ("paquete_id","itinerario_id") VALUES (9, 3);
INSERT INTO "catalogo_paquete_itinerario" ("paquete_id","itinerario_id") VALUES (9, 5);
INSERT INTO "catalogo_paquete_itinerario" ("paquete_id","itinerario_id") VALUES (10, 1);
SELECT setval(pg_get_serial_sequence('catalogo_paquete','id'), 10, true);
COMMIT;
